[
  {
    "model": "transfer.user",
    "pk": 1,
    "fields": {
      "name": "Heather Clark"
    }
  },
  {
    "model": "transfer.user",
    "pk": 2,
    "fields": {
      "name": "Eric James"
    }
  },
  {
    "model": "transfer.user",
    "pk": 3,
    "fields": {
      "name": "Joseph Garcia"
    }
  },
  {
    "model": "transfer.user",
    "pk": 4,
    "fields": {
      "name": "Sara White"
    }
  },
  {
    "model": "transfer.user",
    "pk": 5,
    "fields": {
      "name": "Ashley Knapp"
    }
  },
  {
    "model": "transfer.user",
    "pk": 6,
    "fields": {
      "name": "Monica Young"
    }
  },
  {
    "model": "transfer.user",
    "pk": 7,
    "fields": {
      "name": "Lisa Reeves"
    }
  },
  {
    "model": "transfer.user",
    "pk": 8,
    "fields": {
      "name": "Maria Jones"
    }
  },
  {
    "model": "transfer.user",
    "pk": 9,
    "fields": {
      "name": "Amanda Barnes"
    }
  },
  {
    "model": "transfer.user",
    "pk": 10,
    "fields": {
      "name": "Amanda Brown"
    }
  },
  {
    "model": "transfer.wallet",
    "pk": 1,
    "fields": {
      "user": 6,
      "balance": 164742140910
    }
  },
  {
    "model": "transfer.wallet",
    "pk": 2,
    "fields": {
      "user": 9,
      "balance": 72562493811
    }
  },
  {
    "model": "transfer.wallet",
    "pk": 3,
    "fields": {
      "user": 3,
      "balance": 30232350206
    }
  },
  {
    "model": "transfer.wallet",
    "pk": 4,
    "fields": {
      "user": 7,
      "balance": 31753144354
    }
  },
  {
    "model": "transfer.wallet",
    "pk": 5,
    "fields": {
      "user": 4,
      "balance": 24984652935
    }
  },
  {
    "model": "transfer.wallet",
    "pk": 6,
    "fields": {
      "user": 5,
      "balance": 148303923911
    }
  },
  {
    "model": "transfer.wallet",
    "pk": 7,
    "fields": {
      "user": 6,
      "balance": 63959069973
    }
  },
  {
    "model": "transfer.wallet",
    "pk": 8,
    "fields": {
      "user": 7,
      "balance": 89959193372
    }
  },
  {
    "model": "transfer.wallet",
    "pk": 9,
    "fields": {
      "user": 5,
      "balance": 12095701071
    }
  },
  {
    "model": "transfer.wallet",
    "pk": 10,
    "fields": {
      "user": 8,
      "balance": 60299093701
    }
  },
  {
    "model": "transfer.wallet",
    "pk": 11,
    "fields": {
      "user": 5,
      "balance": 57509668214
    }
  },
  {
    "model": "transfer.wallet",
    "pk": 12,
    "fields": {
      "user": 8,
      "balance": 47880880235
    }
  },
  {
    "model": "transfer.wallet",
    "pk": 13,
    "fields": {
      "user": 2,
      "balance": 60046219640
    }
  },
  {
    "model": "transfer.wallet",
    "pk": 14,
    "fields": {
      "user": 1,
      "balance": 6814951644
    }
  },
  {
    "model": "transfer.wallet",
    "pk": 15,
    "fields": {
      "user": 10,
      "balance": 31514238764
    }
  },
  {
    "model": "transfer.wallet",
    "pk": 16,
    "fields": {
      "user": 1,
      "balance": 13379174423
    }
  },
  {
    "model": "transfer.wallet",
    "pk": 17,
    "fields": {
      "user": 6,
      "balance": 1000000000000
    }
  },
  {
    "model": "transfer.wallet",
    "pk": 18,
    "fields": {
      "user": 5,
      "balance": 509206656
    }
  },
  {
    "model": "transfer.wallet",
    "pk": 19,
    "fields": {
      "user": 6,
      "balance": 168403026560
    }
  },
  {
    "model": "transfer.wallet",
    "pk": 20,
    "fields": {
      "user": 1,
      "balance": 50949651660
    }
  }
]