[
  {
    "source_wallet_id": 15,
    "destination_wallet_id": 17,
    "amount": 5753602,
    "tracker_id": "8ae13b10-3c3a-11ee-8f15-36a99729fa25",
    "source_user_id": 10,
    "destination_user_id": 6
  },
  {
    "source_wallet_id": 3,
    "destination_wallet_id": 6,
    "amount": 4040461,
    "tracker_id": "8ae14574-3c3a-11ee-8f15-36a99729fa25",
    "source_user_id": 3,
    "destination_user_id": 5
  },
  {
    "source_wallet_id": 18,
    "destination_wallet_id": 6,
    "amount": 9156281,
    "tracker_id": "8ae14f38-3c3a-11ee-8f15-36a99729fa25",
    "source_user_id": 5,
    "destination_user_id": 5
  },
  {
    "source_wallet_id": 2,
    "destination_wallet_id": 16,
    "amount": 4805320,
    "tracker_id": "8ae159b0-3c3a-11ee-8f15-36a99729fa25",
    "source_user_id": 9,
    "destination_user_id": 1
  },
  {
    "source_wallet_id": 1,
    "destination_wallet_id": 19,
    "amount": 7501647,
    "tracker_id": "8ae1639c-3c3a-11ee-8f15-36a99729fa25",
    "source_user_id": 6,
    "destination_user_id": 6
  },
  {
    "source_wallet_id": 13,
    "destination_wallet_id": 17,
    "amount": 891265,
    "tracker_id": "8ae16dec-3c3a-11ee-8f15-36a99729fa25",
    "source_user_id": 2,
    "destination_user_id": 6
  },
  {
    "source_wallet_id": 19,
    "destination_wallet_id": 17,
    "amount": 6323036,
    "tracker_id": "8ae177ce-3c3a-11ee-8f15-36a99729fa25",
    "source_user_id": 6,
    "destination_user_id": 6
  },
  {
    "source_wallet_id": 20,
    "destination_wallet_id": 17,
    "amount": 7968679,
    "tracker_id": "8ae1828c-3c3a-11ee-8f15-36a99729fa25",
    "source_user_id": 1,
    "destination_user_id": 6
  },
  {
    "source_wallet_id": 12,
    "destination_wallet_id": 11,
    "amount": 7791008,
    "tracker_id": "8ae18bce-3c3a-11ee-8f15-36a99729fa25",
    "source_user_id": 8,
    "destination_user_id": 5
  },
  {
    "source_wallet_id": 15,
    "destination_wallet_id": 9,
    "amount": 902434,
    "tracker_id": "8ae194fc-3c3a-11ee-8f15-36a99729fa25",
    "source_user_id": 10,
    "destination_user_id": 5
  },
  {
    "source_wallet_id": 5,
    "destination_wallet_id": 20,
    "amount": 5131,
    "tracker_id": "8ae19e48-3c3a-11ee-8f15-36a99729fa25",
    "source_user_id": 4,
    "destination_user_id": 1
  },
  {
    "source_wallet_id": 14,
    "destination_wallet_id": 16,
    "amount": 5823522,
    "tracker_id": "8ae1a74e-3c3a-11ee-8f15-36a99729fa25",
    "source_user_id": 1,
    "destination_user_id": 1
  },
  {
    "source_wallet_id": 9,
    "destination_wallet_id": 3,
    "amount": 444245,
    "tracker_id": "8ae1b068-3c3a-11ee-8f15-36a99729fa25",
    "source_user_id": 5,
    "destination_user_id": 3
  },
  {
    "source_wallet_id": 2,
    "destination_wallet_id": 19,
    "amount": 446558,
    "tracker_id": "8ae1b982-3c3a-11ee-8f15-36a99729fa25",
    "source_user_id": 9,
    "destination_user_id": 6
  },
  {
    "source_wallet_id": 2,
    "destination_wallet_id": 7,
    "amount": 452881,
    "tracker_id": "8ae1c29c-3c3a-11ee-8f15-36a99729fa25",
    "source_user_id": 9,
    "destination_user_id": 6
  },
  {
    "source_wallet_id": 2,
    "destination_wallet_id": 7,
    "amount": 8224660,
    "tracker_id": "8ae1cbb6-3c3a-11ee-8f15-36a99729fa25",
    "source_user_id": 9,
    "destination_user_id": 6
  },
  {
    "source_wallet_id": 6,
    "destination_wallet_id": 18,
    "amount": 4485045,
    "tracker_id": "8ae1d4b2-3c3a-11ee-8f15-36a99729fa25",
    "source_user_id": 5,
    "destination_user_id": 5
  },
  {
    "source_wallet_id": 3,
    "destination_wallet_id": 1,
    "amount": 8591718,
    "tracker_id": "8ae1ddfe-3c3a-11ee-8f15-36a99729fa25",
    "source_user_id": 3,
    "destination_user_id": 6
  },
  {
    "source_wallet_id": 18,
    "destination_wallet_id": 7,
    "amount": 727569,
    "tracker_id": "8ae1e6f0-3c3a-11ee-8f15-36a99729fa25",
    "source_user_id": 5,
    "destination_user_id": 6
  },
  {
    "source_wallet_id": 14,
    "destination_wallet_id": 10,
    "amount": 9153805,
    "tracker_id": "8ae1f08c-3c3a-11ee-8f15-36a99729fa25",
    "source_user_id": 1,
    "destination_user_id": 8
  },
  {
    "source_wallet_id": 15,
    "destination_wallet_id": 5,
    "amount": 3770517,
    "tracker_id": "8ae1fa50-3c3a-11ee-8f15-36a99729fa25",
    "source_user_id": 10,
    "destination_user_id": 4
  },
  {
    "source_wallet_id": 2,
    "destination_wallet_id": 10,
    "amount": 2873556,
    "tracker_id": "8ae20360-3c3a-11ee-8f15-36a99729fa25",
    "source_user_id": 9,
    "destination_user_id": 8
  },
  {
    "source_wallet_id": 12,
    "destination_wallet_id": 20,
    "amount": 1626419,
    "tracker_id": "8ae20e82-3c3a-11ee-8f15-36a99729fa25",
    "source_user_id": 8,
    "destination_user_id": 1
  },
  {
    "source_wallet_id": 10,
    "destination_wallet_id": 1,
    "amount": 8552526,
    "tracker_id": "8ae2179c-3c3a-11ee-8f15-36a99729fa25",
    "source_user_id": 8,
    "destination_user_id": 6
  },
  {
    "source_wallet_id": 11,
    "destination_wallet_id": 7,
    "amount": 7240487,
    "tracker_id": "8ae220a2-3c3a-11ee-8f15-36a99729fa25",
    "source_user_id": 5,
    "destination_user_id": 6
  },
  {
    "source_wallet_id": 17,
    "destination_wallet_id": 2,
    "amount": 642195,
    "tracker_id": "8ae229a8-3c3a-11ee-8f15-36a99729fa25",
    "source_user_id": 6,
    "destination_user_id": 9
  },
  {
    "source_wallet_id": 17,
    "destination_wallet_id": 6,
    "amount": 6423249,
    "tracker_id": "8ae23308-3c3a-11ee-8f15-36a99729fa25",
    "source_user_id": 6,
    "destination_user_id": 5
  },
  {
    "source_wallet_id": 5,
    "destination_wallet_id": 17,
    "amount": 6236514,
    "tracker_id": "8ae23c18-3c3a-11ee-8f15-36a99729fa25",
    "source_user_id": 4,
    "destination_user_id": 6
  },
  {
    "source_wallet_id": 15,
    "destination_wallet_id": 14,
    "amount": 53187,
    "tracker_id": "8ae24532-3c3a-11ee-8f15-36a99729fa25",
    "source_user_id": 10,
    "destination_user_id": 1
  },
  {
    "source_wallet_id": 5,
    "destination_wallet_id": 11,
    "amount": 68942,
    "tracker_id": "8ae24e24-3c3a-11ee-8f15-36a99729fa25",
    "source_user_id": 4,
    "destination_user_id": 5
  },
  {
    "source_wallet_id": 9,
    "destination_wallet_id": 7,
    "amount": 5423990,
    "tracker_id": "8ae2572a-3c3a-11ee-8f15-36a99729fa25",
    "source_user_id": 5,
    "destination_user_id": 6
  },
  {
    "source_wallet_id": 9,
    "destination_wallet_id": 18,
    "amount": 7372151,
    "tracker_id": "8ae2604e-3c3a-11ee-8f15-36a99729fa25",
    "source_user_id": 5,
    "destination_user_id": 5
  },
  {
    "source_wallet_id": 17,
    "destination_wallet_id": 1,
    "amount": 3389385,
    "tracker_id": "8ae2694a-3c3a-11ee-8f15-36a99729fa25",
    "source_user_id": 6,
    "destination_user_id": 6
  },
  {
    "source_wallet_id": 19,
    "destination_wallet_id": 15,
    "amount": 2065114,
    "tracker_id": "8ae2723c-3c3a-11ee-8f15-36a99729fa25",
    "source_user_id": 6,
    "destination_user_id": 10
  },
  {
    "source_wallet_id": 14,
    "destination_wallet_id": 1,
    "amount": 349427,
    "tracker_id": "8ae27b6a-3c3a-11ee-8f15-36a99729fa25",
    "source_user_id": 1,
    "destination_user_id": 6
  },
  {
    "source_wallet_id": 15,
    "destination_wallet_id": 10,
    "amount": 808782,
    "tracker_id": "8ae284a2-3c3a-11ee-8f15-36a99729fa25",
    "source_user_id": 10,
    "destination_user_id": 8
  },
  {
    "source_wallet_id": 5,
    "destination_wallet_id": 15,
    "amount": 5725098,
    "tracker_id": "8ae28da8-3c3a-11ee-8f15-36a99729fa25",
    "source_user_id": 4,
    "destination_user_id": 10
  },
  {
    "source_wallet_id": 9,
    "destination_wallet_id": 14,
    "amount": 663045,
    "tracker_id": "8ae2969a-3c3a-11ee-8f15-36a99729fa25",
    "source_user_id": 5,
    "destination_user_id": 1
  },
  {
    "source_wallet_id": 5,
    "destination_wallet_id": 16,
    "amount": 4402373,
    "tracker_id": "8ae29f78-3c3a-11ee-8f15-36a99729fa25",
    "source_user_id": 4,
    "destination_user_id": 1
  },
  {
    "source_wallet_id": 14,
    "destination_wallet_id": 19,
    "amount": 673675,
    "tracker_id": "8ae2a860-3c3a-11ee-8f15-36a99729fa25",
    "source_user_id": 1,
    "destination_user_id": 6
  },
  {
    "source_wallet_id": 4,
    "destination_wallet_id": 10,
    "amount": 9081857,
    "tracker_id": "8ae2b184-3c3a-11ee-8f15-36a99729fa25",
    "source_user_id": 7,
    "destination_user_id": 8
  },
  {
    "source_wallet_id": 20,
    "destination_wallet_id": 12,
    "amount": 866169,
    "tracker_id": "8ae2baa8-3c3a-11ee-8f15-36a99729fa25",
    "source_user_id": 1,
    "destination_user_id": 8
  },
  {
    "source_wallet_id": 3,
    "destination_wallet_id": 19,
    "amount": 5474759,
    "tracker_id": "8ae2c3b8-3c3a-11ee-8f15-36a99729fa25",
    "source_user_id": 3,
    "destination_user_id": 6
  },
  {
    "source_wallet_id": 16,
    "destination_wallet_id": 18,
    "amount": 4350876,
    "tracker_id": "8ae2cca0-3c3a-11ee-8f15-36a99729fa25",
    "source_user_id": 1,
    "destination_user_id": 5
  },
  {
    "source_wallet_id": 17,
    "destination_wallet_id": 11,
    "amount": 664698,
    "tracker_id": "8ae2d57e-3c3a-11ee-8f15-36a99729fa25",
    "source_user_id": 6,
    "destination_user_id": 5
  },
  {
    "source_wallet_id": 9,
    "destination_wallet_id": 6,
    "amount": 1049610,
    "tracker_id": "8ae2de52-3c3a-11ee-8f15-36a99729fa25",
    "source_user_id": 5,
    "destination_user_id": 5
  },
  {
    "source_wallet_id": 18,
    "destination_wallet_id": 7,
    "amount": 8451435,
    "tracker_id": "8ae2e906-3c3a-11ee-8f15-36a99729fa25",
    "source_user_id": 5,
    "destination_user_id": 6
  },
  {
    "source_wallet_id": 14,
    "destination_wallet_id": 8,
    "amount": 2996175,
    "tracker_id": "8ae2e906-3c3a-11ee-8f15-36a99729fa25",
    "source_user_id": 1,
    "destination_user_id": 7
  },
  {
    "source_wallet_id": 3,
    "destination_wallet_id": 11,
    "amount": 1627018,
    "tracker_id": "8ae2fb1c-3c3a-11ee-8f15-36a99729fa25",
    "source_user_id": 9,
    "destination_user_id": 5
  },
  {
    "source_wallet_id": 8,
    "destination_wallet_id": 11,
    "amount": 7484328,
    "tracker_id": "8ae3042c-3c3a-11ee-8f15-36a99729fa25",
    "source_user_id": 7,
    "destination_user_id": 8
  }
]